player_name,player_id
S A Abbott,4331
A C Agar,4224
G J Bailey,3929
C T Bancroft,4521
J P Behrendorff,4705
T R Birt,3757
S M Boland,4511
D E Bollinger,3631
C J Boyce,4330
N W Bracken,2640
A T Carey,4726
D T Christian,3766
S R Clark,3326
M J Clarke,3067
N M Coulter-Nile,4001
P J Cummins,3909
B C J Cutting,3995
T H David,5332
X J Doherty,3834
B R Dunk,4337
B J Dwarshuis,4763
N Ellis,6082
J P Faulkner,3930
Fawad Ahmed,4233
C J Ferguson,3643
A J Finch,3845
B Geeves,3615
A C Gilchrist,2192
J N Gillespie,2082
C Green,5926
C J Green,5853
B J Haddin,2707
P S P Handscomb,4558
A M Hardie,7448
R J Harris,3638
S M Harwood,3662
J W Hastings,3831
N M Hauritz,3016
M L Hayden,1976
J R Hazlewood,3799
T M Head,4386
M C Henriques,3680
B W Hilfenhaus,3455
B J Hodge,3330
G B Hogg,2068
J R Hopes,3273
P J Hughes,3647
D J Hussey,3595
M E K Hussey,3160
J P Inglis,6471
M G Johnson,3334
S H Johnson,7449
M S Kasprowicz,2076
S M Katich,2743
U T Khawaja,3842
M Klinger,4202
M Labuschagne,4816
B Laughlin,3657
B Lee,2205
M L Lewis,3333
C A Lynn,4108
N M Lyon,3885
N J Maddinson,4244
M R Marsh,3912
S E Marsh,3561
D R Martyn,1098
G J Maxwell,3969
B R McDermott,4824
G D McGrath,1133
C J McKay,3735
R P Meredith,5949
J M Muirhead,4256
D P Nannes,3697
P M Nevill,4458
A A Noffke,3531
M J North,3648
S N J O'Keefe,3811
T D Paine,3725
J L Pattinson,3854
J R Philippe,5860
L A Pommersbach,3691
R T Ponting,2041
N J Reardon,4338
J A Richardson,4650
K W Richardson,3996
B J Rohrer,4000
D R Sams,5847
T Sangha,7450
D J M Short,4729
M W Short,7203
P M Siddle,3618
S P D Smith,3756
B Stanlake,4626
M A Starc,3830
M P Stoinis,4389
M J Swepson,4796
A Symonds,2907
S W Tait,3319
A J Turner,4648
A J Tye,4383
A C Voges,3463
M S Wade,3910
D A Warner,3637
S R Watson,3017
C L White,3325
J D Wildermuth,4799
A Zampa,4527
Abdur Razzak,3180
Abu Hider,4515
Abu Jayed,4738
Abul Hasan,3965
Afif Hossain,4734
Aftab Ahmed,3224
Al-Amin Hossain,4247
Alok Kapali,3031
Aminul Islam,5478
Anamul Haque,3979
Arafat Sunny,4267
Ariful Haque,4735
Dhiman Ghosh,3535
Ebadat Hossain,4925
Elias Sunny,3915
Farhad Reza,3414
Hasan Mahmud,5842
Hasan Murad,7562
Imrul Kayes,3617
Jahurul Islam,3777
Jaker Ali,7544
Jubair Hossain,4334
Junaid Siddique,3517
Litton Das,4430
Mahedi Hasan,4737
Mahmudul Hasan Joy,6457
Mahmudullah,3488
Mashrafe Mortaza,2995
Mehidy Hasan Miraz,4598
Mehrab Hossain,3439
Mohammad Ashraful,2964
Mohammad Mithun,4266
Mohammad Naim,5659
Mohammad Rafique,2240
Mohammad Saifuddin,4677
Mohammad Shahid,4416
Mominul Haque,3980
Mosaddeck Hossain,4516
Mrittunjoy Chowdhury,7273
Muktar Ali,4517
Munim Shahriar,6497
Mushfiqur Rahim,3279
Mustafizur Rahman,4414
Nadif Chowdhury,3688
Naeem Islam,3616
Najmul Hossain Shanto,4633
Nasir Hossain,3878
Nasum Ahmed,5957
M Nazimuddin,3538
Nazmul Hossain,3225
Nazmul Islam,4736
Nazmus Sadat,3689
Nurul Hasan,4514
Parvez Hossain Emon,6840
Rakibul Hasan,7546
Raqibul Hasan,3537
Ripon Mondol,7545
Rishad Hossain,7198
Robiul Islam,3785
Rony Talukdar,4448
Rubel Hossain,3635
Sabbir Rahman,4268
Saif Hassan,5773
Sajidul Islam,3518
Saqlain Sajib,4537
Shafiul Islam,3748
Shahadat Hossain,7547
Shahriar Nafees,3283
Shakib Al Hasan,3426
Shamim Hossain,6048
Shamsur Rahman,4018
Shohidul Islam,6455
Shoriful Islam,5958
Shuvagata Hom,3879
Sohag Gazi,3975
Soumya Sarkar,4362
Suhrawadi Shuvo,3771
Sumon Khan,7548
Syed Rasel,3323
Taijul Islam,4324
Tamim Iqbal,3461
Tanvir Islam,7182
Taskin Ahmed,4299
Towhid Hridoy,7162
Yasir Ali,6456
Zakir Hasan,2953
Ziaur Rahman,4924
Ajmal Shahzad,3765
M M Ali,4271
T R Ambrose,3534
J M Anderson,3065
J C Archer,4777
A A P Atkinson,7452
J M Bairstow,3900
J T Ball,4568
T Banton,5660
G J Batty,3064
I R Bell,3207
S W Billings,4428
R S Bopara,3460
S G Borthwick,3882
T T Bresnan,3396
D R Briggs,3940
S C J Broad,3434
H C Brook,6470
P R Brown,5657
J C Buttler,3888
M A Carberry,3774
B A Carse,6036
P D Collingwood,2973
A N Cook,3349
M S Crane,4691
S M Curran,4787
T K Curran,4693
J W M Dalrymple,3395
S M Davies,3677
L A Dawson,4566
J L Denly,3724
J W Dernbach,3865
B M Duckett,4596
S T Finn,3775
A Flintoff,2148
B T Foakes,4832
J S Foster,2986
G H S Garton,6203
R J Gleeson,6729
D Gough,1995
L Gregory,5656
H F Gurney,4307
A D Hales,3887
S J Harmison,3037
W G Jacks,6922
G O Jones,3165
C J Jordan,4238
E C Joyce,3393
R W T Key,3036
A Khan,3650
C Kieswetter,3768
R J Kirtley,2987
J Lewis,3281
L S Livingstone,4692
M J Lumb,3781
D L Maddy,2183
S Mahmood,5658
S I Mahmood,3179
D J Malan,4694
A D Mascarenhas,3478
S C Meaker,3917
T S Mills,4567
E J G Morgan,3416
P Mustard,3500
P A Nixon,3454
M S Panesar,3350
M W Parkinson,5661
S D Parry,4272
S R Patel,3605
K P Pietersen,3238
L E Plunkett,3331
M J Prior,3239
W B Rankin,3459
A U Rashid,3696
C M W Read,2182
Rehan Ahmed,7109
J E Root,3981
J J Roy,4325
P D Salt,6038
C P Schofield,2221
O A Shah,2974
R J Sidebottom,2971
J N Snape,2988
V S Solanki,2891
B A Stokes,3883
O P Stone,4819
A J Strauss,3148
G P Swann,2906
R J W Topley,4479
J C Tredwell,3772
C T Tremlett,3282
M E Trescothick,2228
I J L Trott,3693
M P Vaughan,2200
J M Vince,4419
D J Willey,4420
C R Woakes,3846
L Wood,6921
M A Wood,4421
L J Wright,3499
M H Yardy,3435
A B Agarkar,2159
K K Ahmed,4539
S Aravind,4120
Arshdeep Singh,4933
R Ashwin,3788
Avesh Khan,4673
P Awana,3982
S Badrinath,3608
L Balaji,3057
S T R Binny,4089
J J Bumrah,4062
Y S Chahal,4063
D L Chahar,4557
R D Chahar,4670
P P Chawla,3351
R Dhawan,4064
S Dhawan,3832
M S Dhoni,3243
A B Dinda,3740
R Dravid,2060
S Dube,4945
R D Gaikwad,4931
G Gambhir,3107
Harbhajan Singh,2138
D J Hooda,4404
Ishan Kishan,4544
S S Iyer,4387
V R Iyer,5971
R A Jadeja,3644
K M Jadhav,4033
Y B K Jaiswal,5857
Joginder Sharma,3244
K D Karthik,3210
M Kartik,2209
S Kaul,4034
Z Khan,2245
R S Kishore,5846
V Kohli,3600
Kuldeep Yadav,4652
D S Kulkarni,4066
B Kumar,3991
M Kumar,7228
P Kumar,3514
Mandeep Singh,4046
M Markande,4772
A Mishra,3108
Mohammed Shami,3993
Mohammed Siraj,4675
D Mongia,2959
T Natarajan,4664
P Negi,4038
A Nehra,2168
N V Ojha,3789
P P Ojha,3574
D Padikkal,4948
M K Pandey,4083
H H Pandya,4399
K H Pandya,4552
R R Pant,4542
Parvez Rasool,4311
A R Patel,4310
H V Patel,4125
M M Patel,3352
P A Patel,3035
I K Pathan,3156
Y K Pathan,3550
M Prasidh Krishna,4930
A M Rahane,3889
K L Rahul,4137
S K Raina,3287
N Rana,4400
R Ravi Bishnoi,5851
A T Rayudu,4069
N A Saini,4656
C Sakariya,5978
S V Samson,4099
Sandeep Sharma,4048
S Sandeep Warrier,4126
V Sehwag,2878
S Shahbaz Ahmed,5861
V Shankar,4027
I Sharma,3470
J M Sharma,4554
K V Sharma,4115
M M Sharma,4028
R Sharma,3923
R G Sharma,3474
P P Shaw,4759
Shivam Mavi,4768
Shubman Gill,4769
R K Singh,4665
R P Singh,3332
B B Sran,4512
S Sreesanth,3327
S R Tendulkar,1735
S N Thakur,4393
N T T Tilak Varma,6522
M K Tiwary,3530
R A Tripathi,4679
S Tyagi,3743
Umran Malik,6204
J D Unadkat,3838
R V Uthappa,3355
C V Varun,4938
M Vijay,3626
R Vinay Kumar,3782
Washington Sundar,4684
S A Yadav,4073
U T Yadav,3786
Yuvraj Singh,2949
A R Adams,2963
G W Aldridge,3913
F H Allen,5956
C J Anderson,3983
A Ashok,7442
N J Astle,2046
T D Astle,3978
M D Bates,3934
H K Bennett,3829
T A Blundell,4624
S E Bond,2996
T A Boult,3924
C J Bowes,7194
D A J Bracewell,3911
M G Bracewell,6547
N T Broom,3634
D G Brownlie,3840
T C Bruce,4623
I G Butler,3011
C L Cairns,280
M S Chapman,4278
D Cleaver,6795
D P Conway,5924
C de Grandhomme,3936
A P Devcich,4248
B J Diamanti,3645
J A Duffy,5930
G D Elliott,3541
A M Ellis,3931
L H Ferguson,4609
S P Fleming,1977
D R Flynn,3533
D Foxcroft,7443
J E C Franklin,2263
P G Fulton,3233
M R Gillespie,3452
M J Guptill,3633
M J Henry,4257
R M Hira,3937
P A Hitchcock,3021
G J Hopkins,3177
J M How,3336
P J Ingram,3754
K A Jamieson,5774
A K Kitchen,4720
S C Kuggeleijn,4685
T W M Latham,3932
B G Lister,7123
H J H Marshall,2254
J A H Marshall,3271
C S Martin,2248
M J Mason,3150
M J McClenaghan,3984
C E McConchie,6149
B B McCullum,3008
N L McCullum,3685
P D McGlashan,3651
A J McKay,3758
C D McMillan,2118
K D Mills,2966
A F Milne,3839
D J Mitchell,4850
C Munro,3985
J D S Neesham,3986
H M Nicholls,4509
R J Nicol,3784
I E O'Brien,3274
J D P Oram,2811
A Y Patel,4828
J S Patel,3321
G D Phillips,4647
S H A Rance,4686
R Ravindra,6150
A J Redmond,3547
M J Rippon,4020
L Ronchi,3573
H D Rutherford,3999
J D Ryder,3532
M J Santner,4429
B V Sears,6171
T L Seifert,4732
H B Shipley,7116
M S Sinclair,2206
I S Sodhi,4243
T G Southee,3542
S B Styris,2899
L R P L Taylor,3348
E P Thompson,3652
B M Tickner,4851
D R Tuffey,2219
D L Vettori,2090
L Vincent,2927
B J Watling,3737
B M Wheeler,4432
K S Williamson,3817
J W Wilson,2943
L J Woodcock,3841
G H Worker,4477
W A Young,5927
Aamer Jamal,6924
Aamer Yamin,4480
Abdul Razzaq,2191
Abdullah Shafique,5921
Abdur Rauf,3526
Abdur Rehman,3446
Ahmed Shehzad,3675
Ahsan Ali,5770
Aizaz Cheema,3890
Anwar Ali,3695
Arafat Minhas,7531
Arshad Iqbal,5993
Asad Ali,4218
Asad Shafiq,3798
Asif Ali,4747
Awais Zia,3942
Azam Khan,6046
Babar Azam,4425
Bilawal Bhatti,4250
Danish Aziz,5959
Faheem Ashraf,4690
Fakhar Zaman,4654
Fawad Alam,3468
Haider Ali,5845
Hammad Azam,3860
Haris Rauf,5771
Haris Sohail,4225
Hasan Ali,4579
Hussain Talat,4746
Iftikhar Ahmed,4488
Iftikhar Anjum,3231
Ihsanullah,4651
Imad Wasim,4423
Imam-ul-Haq,4706
Imran Farhat,2260
Imran Khan,4622
Imran Nazir,2174
Inzamam-ul-Haq,1794
Junaid Khan,3855
Kamran Akmal,3056
Khalid Latif,3524
Khurram Manzoor,3527
Khushdil Shah,5663
Mansoor Amjad,3580
Mirza Baig,7532
Misbah-ul-Haq,2262
Mohammad Amir,3698
Mohammad Asif,3245
Mohammad Hafeez,3101
Mohammad Haris,6630
Mohammad Hasnain,4991
Mohammad Irfan,3821
Mohammad Nawaz,4536
Mohammad Rizwan,4412
Mohammad Salman,3856
Mohammad Sami,2264
Mohammad Wasim,6058
Mohammad Yousuf,2129
Mubasir Khan,7563
Muhammad Musa,5664
Mukhtar Ahmed,4415
Naseem Shah,5727
Nasir Jamshed,3521
Nauman Anwar,4424
Naved-ul-Hasan,3102
Omair Yousuf,7533
Qasim Akram,7534
Rafatullah Mohmand,4503
Rameez Raja,3899
Raza Hasan,3970
Rohail Nazir,7535
Rumman Raees,4593
Saad Nasim,4332
Saeed Ajmal,3591
Sahibzada Farhan,4801
Saim Ayub,7191
Salman Butt,3132
Sarfaraz Ahmed,3513
Shabbir Ahmed,2866
Shadab Khan,4653
Shaheen Shah Afridi,4798
Shahid Afridi,2152
Shahnawaz Dahani,6454
Shahzaib Hasan,3702
Shakeel Ansar,3953
Shan Masood,4246
Sharjeel Khan,4252
Shoaib Akhtar,2124
Shoaib Khan,3692
Shoaib Malik,2879
Sohaib Maqsood,4230
Sohail Khan,3525
Sohail Tanvir,3502
Sufiyan Muqeem,7536
Tanvir Ahmed,3837
Tayyab Tahir,7192
Umar Akmal,3721
Umar Amin,3793
Umar Gul,3100
Usman Qadir,5920
Usman Shinwari,4253
Wahab Riaz,3529
Waqas Maqsood,4829
Yasir Arafat,2946
Yasir Shah,3898
Younis Khan,2211
Zahid Mahmood,5945
Zaman Khan,7193
Zulfiqar Babar,4226
Zulqarnain Haider,3701
K J Abbott,4002
Y A Abdulla,3694
H M Amla,3236
T Bavuma,4370
F Behardien,3951
P J V Biljon,5786
G H Bodi,3497
N Boje,2210
L L Bosman,3436
J Botha,3329
M V Boucher,2116
M P Breetzke,7453
D Brevis,6517
G L Cloete,4818
G Coetzee,7155
C J Dala,4739
H Davids,3987
T B de Bruyn,4634
Q de Kock,3988
M de Lange,3927
A B de Villiers,3241
H H Dippenaar,2190
F du Plessis,3847
J-P Duminy,3208
D Ferreira,7214
B C Fortuin,5479
R Frylinck,4708
H H Gibbs,2080
A J Hall,2710
T Henderson,3679
B E Hendricks,4273
R R Hendricks,4340
Imran Tahir,3850
C A Ingram,3823
M Jansen,5974
C Jonker,4740
J H Kallis,2043
J M Kemp,2258
H Klaasen,4731
R K Kleinveldt,3682
G J Kruger,3337
H G Kuhn,3738
C K Langeveldt,2991
E Leie,4449
R E Levi,3939
G F Linde,5550
J Louw,3624
W J Lubbe,5986
S S B Magala,5985
K A Maharaj,4601
J N Malan,4848
A K Markram,4701
N D McKenzie,2227
R McLaren,3736
D A Miller,3783
J A Morkel,3162
M Morkel,3451
C H Morris,3989
M Mosehle,4635
P W A Mulder,4707
A Nel,2970
L Ngidi,4636
A Nortje,4929
M Ntini,2137
J L Ontong,2969
W D Parnell,3642
D Paterson,4641
A N Petersen,3437
R J Peterson,3049
A M Phangiso,3990
A L Phehlukwayo,4588
V D Philander,3476
S M Pollock,2039
D Pretorius,4589
A G Prince,3013
S Qeshile,4985
K Rabada,4339
R R Rossouw,4321
J A Rudolph,3109
T Shamsi,4562
L Sipamla,4849
G C Smith,3014
J T Smuts,4637
G J Snyman,5943
D W Steyn,3242
T Stubbs,6607
G A Stuurman,5944
R Telemachus,2911
J Theron,3824
A C Thomas,3700
L L Tsotsobe,3641
H E van der Dussen,4817
R E van der Merwe,3658
J J van der Wath,3339
V B van Jaarsveld,3636
M N van Wyk,3129
D J Vilas,3950
D Wiese,4228
L B Williams,5984
M Zondeki,3063
M A Aponso,4580
R P Arnold,2098
K I C Asalanka,6032
M S Atapattu,100
C M Bandara,2144
K M C Bandara,4564
K N A Bandara,5950
M Bhanuka,5500
P V D Chameera,4380
D Chandimal,3779
D L S Croospulle,7537
M K P A Dananjaya,3973
S Daniel,7541
S I De Saram,2196
D de Silva,4472
P C de Silva,4270
P W H de Silva,4696
S T de Silva,4638
N Dickwella,4316
L H D Dilhara,3289
T M Dilshan,2197
R M S Eranga,3880
A M Fernando,4697
B Fernando,4473
B O P Fernando,4852
C R D Fernando,2223
M N K Fernando,7118
V Fernando,4574
W I A Fernando,4581
D A S Gunaratne,4532
M D Gunathilaka,4487
H M R K B Herath,2185
L U Igalagamage,7538
C U Jayasinghe,3742
G S N F G Jayasuriya,4475
S T Jayasuriya,872
D P M D Jayawardene,2104
P Jayawickrama,5994
S H T Kandamby,3172
C K Kapugedera,3340
C Karunaratne,4847
K M D N Kulasekara,3147
H G J Kulatunga,3683
L Kumara,4599
Lahiru Samarakoon,7542
R A S Lakmal,3745
K S Lokuarachchi,3104
P Madushan,6666
D S K Madushanka,4728
L D Madushanka,6859
M F Maharoof,3171
S L Malinga,3178
A D Mathews,3628
B A W Mendis,3545
B M A J Mendis,3787
K Mendis,4485
P H K D Mendis,4827
Ramesh Mendis,5937
RVPK Mishara,6491
J Mubarak,3030
E M D Y Munaweera,3972
M Muralitharan,1234
Nimesh Vimukthi,7539
P Nissanka,5951
M Pathirana,6613
S S Pathirana,4454
A K Perera,4017
M D K Perera,3501
M D K J Perera,3994
N L T C Perera,3747
P D R Perera,2169
N Pradeep,3914
K T G D Prasad,3341
S Prasanna,3881
S M A Priyanjan,4254
M Pushpakumara,3741
P B B Rajapaksa,5509
K Rajitha,4531
R L B Rambukwella,4251
S Randiv,3746
Ravindu Fernando,7540
R J M Rupasinghe,3731
Sahan Arachchige,7354
S Samarawickrama,4704
P A D L R Sandakan,4571
K C Sangakkara,2226
J R M V B Sanjaya,4649
S M S M Senanayake,3928
D Shanaka,4476
L P C Silva,2882
T A M Siriwardana,4453
W U Tharanga,3291
M M Theekshana,6178
H D R L Thirimanne,3749
I D N Thushara,6475
T Thushara,3126
I Udana,3699
M L Udawatte,3544
W P U J C Vaas,2000
J D F Vandersay,4474
Vijayakanth Viyaskanth,7543
K L J Vimukthi,6490
K D K Vithanage,4012
K Weeraratne,2934
U W M B C A Welegedara,3516
M R G Wijekoon,3284
F A Allen,4826
S Badree,3959
L S Baker,3627
A B Barath,3739
C D Barnwell,3857
M C Bascombe,3905
C S Baugh,3113
S J Benn,3543
D E Bernard,3112
T L Best,3114
D Bishoo,3852
N E Bonner,3902
I D R Bradshaw,3174
C R Brathwaite,3908
D J Bravo,3166
D M Bravo,3703
S S J Brooks,5393
D C Butler,3290
J D Campbell,4840
Y Cariah,6854
S Chanderpaul,1979
J Charles,3903
R L Chase,4570
D O Christian,3904
S S Cottrell,4249
N Deonarine,3276
T M Dowlin,3710
D C Drakes,6458
F H Edwards,3125
R R Emrit,3457
S E Findlay,3596
A D S Fletcher,3562
S T Gabriel,3952
D Ganga,2162
C H Gayle,2217
G Gudakesh Motie,6459
S O Hetmeyer,4681
W W Hinds,2216
J O Holder,3998
S D Hope,4417
A J Hosein,5935
D P Hyatt,3858
A S Joseph,4575
B A King,5665
E Lewis,4538
R N Lewis,2122
X M Marshall,3269
A Martin,3861
G E Mathurin,3906
K R Mayers,5925
A M McCarthy,4797
O C McCoy,4825
N O Miller,3597
J N Mohammed,3925
R S Morton,3012
S P Narine,3922
A R Nurse,3859
B A Parchment,3515
K M A Paul,4742
W K D Perkins,3690
V Permaul,3976
K Pierre,4830
K A Pollard,3465
N Pooran,4587
D B Powell,3022
K O A Powell,3720
R Powell,4605
D Ramdin,3285
R Rampaul,3149
F L Reifer,2100
R A Reifer,4716
A C L Richards,3487
D M Richards,3712
K A J Roach,3611
A D Russell,3836
S E Rutherford,4838
D J G Sammy,3228
M N Samuels,2255
K Santokie,3907
R R Sarwan,2220
R Shepherd,5662
L M P Simmons,3447
K Sinclair,5952
D R Smith,3157
D S Smith,3105
O F Smith,4748
J E Taylor,3122
D C Thomas,3718
O R Thomas,4822
G C Tonge,3717
H R Walsh,4956
C A K Walton,3713
K O K Williams,4592
G S Ballance,4234
B J Bennett,7630
A M Blignaut,2637
G B Brent,2194
R P Burl,4645
R W Chakabva,3622
B B Chari,4336
T L Chatara,3792
C J Chibhabha,3320
E Chigumbura,3167
T S Chisoro,4483
T L Chivanga,6615
C K Coventry,3128
A G Cremer,3246
K M Dabengwa,3294
C R Ervine,3780
B Evans,6617
M Faraz Akram,5923
T W Gwandu,7631
A J Ireland,3318
D Jakiel,5495
K M Jarvis,3733
L M Jongwe,4319
I Kaia,6198
T Kamungozi,3438
T S Kamunhukamwe,4804
G A Lamb,3770
C Madande,6654
W N Madhevere,5830
N Madziva,4320
T Maruma,3498
T Marumani,5992
H Masakadza,2977
S W Masakadza,3769
W P Masakadza,4482
J K Masara,6839
W T Mashinge,5496
S Matsikenyeri,3059
B A Mavuta,4800
N P Mayavo,7613
K O Meth,3342
S F Mire,4354
P J Moor,4359
C B Mpofu,3237
N M'shangwe,3918
C T Mumba,4600
T T Munyonga,5473
T Mupariwa,3173
T K Musakanda,4608
F Mutizwa,3639
C T Mutombodzi,4004
R Mutumbami,4019
B Muzarabani,4719
T Muzarabani,4459
D N Myers,6034
A Ndlovu,5249
R Ngarava,4646
M L Nkala,2222
V M Nyauchi,5768
J Nyumbu,4318
T Panyangara,3168
R W Price,2201
E C Rainsford,3176
M Shumba,5922
V Sibanda,3141
Sikandar Raza,4022
T Taibu,2975
B R M Taylor,3169
D T Tiripano,4314
C K Tshuma,5787
P Utseya,3170
B V Vitori,3872
M N Waller,3640
N R Welch,7611
S C Williams,3270
C Zhuwawo,3619
Afsar Zazai,4245
Aftab Alam,3762
Amir Hamza,3935
Asghar Afghan,3667
Azmatullah Omarzai,5936
Darwish Rasooli,6498
Dawlat Ahmadzai,3673
Dawlat Zadran,3875
Fareed Ahmad,4363
Fazal Rahman Niazai,5481
Fazalhaq Farooqi,5955
Gulbadin Naib,3877
Hamid Hassan,3672
Hashmatullah Shahidi,4239
Hazratullah Zazai,4615
Ibrahim Zadran,5471
Izatullah Dawlatzai,3828
Javed Ahmadi,3813
Karim Janat,4611
Karim Sadiq,3664
Mirwais Ashraf,3727
Mohammad Nabi,3665
Mohammad Shahzad,3728
Mujeeb Ur Rahman,4714
Najeeb Tarakai,4274
Najibullah Zadran,3960
M Nasim Baras,4504
Naveen-ul-Haq,4590
Nawroz Mangal,3666
Nijat Masood,6641
Noor Ahmad,6536
Noor Ali Zadran,3663
Qais Ahmad,5472
Raees Ahmadzai,3668
Rahmanullah Gurbaz,5474
Rashid Khan,4484
Rokhan Barakzai,4505
Samiullah Shinwari,3669
Sayed Shirzad,4506
Sediqullah Atal,7195
Shabir Noori,3763
Shafiqullah,3730
Shahidullah Kamal,5953
Shapoor Zadran,3729
Sharafuddin Ashraf,4313
Usman Ghani,4300
Wafadar Momand,4795
Yamin Ahmadzai,4507
Zahir Khan,4782
Zamir Khan,3947
Zubaid Akbari,7564
G R Adair,7119
M R Adair,5089
J Anderson,4327
A Balbirnie,3809
A C Botha,3382
J P Bray,3383
C Campher,5844
P K D Chase,4375
P Connell,3582
A R Cusack,3475
D C A Delany,5477
G J Delany,5298
G H Dockrell,3752
S T Doheny,7120
P S Eaglestone,3583
S C Getkate,4855
F Hand,6850
G I Hume,6783
M J Humphreys,7189
D T Johnston,3385
N G Jones,3803
T E Kane,4433
G E Kidd,3484
J B Little,4584
A R McBrine,4294
W K McCallan,3388
R D McCann,3804
G J McCarter,4329
B J McCarthy,4563
W McClintock,6151
J F Mooney,3389
J Mulder,4585
T J Murtagh,3958
K J O'Brien,3391
N J O'Brien,3417
C Olphert,6671
W T S Porterfield,3418
A D Poynter,3585
S W Poynter,4326
D A Rankin,4434
N A Rock,6148
J N K Shannon,4219
Simi Singh,4687
M C Sorensen,3941
P R Stirling,3586
R Strydom,3539
H T Tector,5476
S P Terry,4569
G J Thompson,3540
S R Thompson,4237
L J Tucker,4586
T F van Woerkom,7487
R M West,3614
A R White,3392
B C White,6049
G C Wilson,3473
C A Young,4328
A M Saheba,2086
Asad Rauf,3526
B Akhil,7276
J Srinath,1665
L R Shukla,2880
R E Koertzen,1
S B Joshi,2053
S C Ganguly,2059
V N Kulkarni,4066
W Jaffer,2208
W P Saha,3759
B Sai Sudharsan,6535
J Little,4584
J Madanagopal,1
K N Ananthapadmanabhan,60
M Theekshana,6178
Nitin Menon,7618
R Tewatia,4379
R J Tucker,3376
T U Deshpande,5849
Akash Madhwal,7226
K Kartikeya,6579
N Wadhera,7224
Tilak Varma,6522
Vishnu Vinod,4678
A Badoni,6538
H R Shokeen,6520
K Gowtham,4668
Mohsin Khan,4773
P N Mankad,6527
Ravi Bishnoi,5851
Yash Thakur,7229
J Yadav,4390
P Dubey,4559
S O Hetmyer,4681
S S Tiwary,3833
K L Nagarkoti,4766
N Jagadeesan,4751
D G Nalkande,4936
M D Shanaka,4476
Subhransu Senapati,1
Navdeep Saini,4656
Rasikh Salam,4942
A S Rajpoot,4216
K K Nair,4123
M A Agarwal,4104
S Gopal,4378
S N Khan,4408
G C Viljoen,4513
P Chopra,3136
S Nadeem,4035
M Ashwin,4556
G H Vihari,4117
N S Naik,4392
S Lamichhane,4757
P Ray Barman,4949
D R Shorey,4755
A D Nath,4543
V R Aaron,3916
S Midhun,4780
S D Lad,4398
R Parag,4943
Abhishek Sharma,4756
R K Bhui,4409
Milind Kumar,6349
Harpreet Brar,4935
K C Cariappa,4394
Y Prithvi Raj,4939
O Thomas,3700
A S Roy,1510
Gurkeerat Singh,4212
P Simran Singh,4937
K Khejroliya,4669
M K Lomror,4541
J Suchith,4401
Basil Thampi,4659
